unit_id,manager_id,name,phone_number,job_role,work_location,salary
1,1,"Gracie McKee
","+1 229-332-1861
",HR,"St Paul, MN",152532
2,1,"Samson Burgess
","+1 505-603-8708
",HR,"Newington, CT",220617
3,1,"Lia Nunez
","+1 217-869-1995
",HR,"Queens, NY",152276
4,1,"Blair Leach
","+1 216-770-9503
",HR,"Hartford, CT",257037
5,1,"Sutton Sims
","+1 505-644-8874
",HR,"Newington, CT",323168
6,1,"Treasure Sullivan
","+1 505-609-6845
",HR,"New Haven, CT",229107
7,1,"Oaklee Sellers
","+1 505-644-8890
",HR,"Newington, CT",101848
8,1,"Camden Jensen
","+1 231-550-0512
",HR,"Los Angeles, CA",47175
9,1,"Lena Burnett
","+1 472-254-8180
",HR,"Los Angeles, CA",206195
10,1,"Zariah Lamb
","+1 201-590-9527
",HR,"Chicago, IL",337097
11,1,"Elias Price
","+1 505-644-7388
",HR,"Norwalk, CT",109506
12,1,"Emmie Merritt
","+1 505-448-8040
",HR,"Norwalk, CT",205300
13,1,"Alberto Landry
","+1 518-741-7431
",HR,"Hartford, CT",46598
14,1,"Justice Knight
","+1 505-920-7448
",HR,"Queens, NY",266102
15,1,"Sylvie Bush
","+1 505-626-4067
",HR,"Hartford, CT",147978
16,1,"Cesar Villarreal
","+1 505-644-6399
",HR,"St Paul, MN",70629
17,1,"Andre Estrada
","+1 317-881-1483
",HR,"Queens, NY",203920
18,1,"Wesley Peralta
","+1 216-505-6601
",HR,"Brooklyn, NY",238064
19,1,"Luis Joseph
","+1 505-670-5548
",HR,"St Paul, MN",167349
20,1,"Mina Esquivel
","+1 339-877-2192
",HR,"West Hartford, CT",48693
21,1,"Tucker Hickman
","+1 505-646-2323
",HR,"Manhattan, NY",117078
22,1,"Andy Velez
","+1 472-286-1884
",HR,"Brooklyn, NY",62343
23,1,"Blaze Rosario
","+1 505-695-2587
",HR,"Austin, TX",86690
24,1,"Dawson Wall
","+1 505-646-2628
",HR,"Chicago, IL",88408
25,1,"Wes Whitehead
","+1 505-997-9953
",HR,"Queens, NY",273984
26,1,"Helen Bradshaw
","+1 505-646-1469
",HR,"West Hartford, CT",283558
27,1,"Paloma Marsh
","+1 505-646-7946
",HR,"Hartford, CT",117923
28,2,"Amora Trejo
","+1 231-691-1690
",Manager,"Norwalk, CT",190390
29,3,"Elsa Estrada
","+1 505-670-0669
",Manager,"New Haven, CT",41984
30,4,"Sevyn Carter
","+1 505-644-8955
",Manager,"Hartford, CT",327952
31,5,"Jaxxon Cox
","+1 505-646-2724
",Manager,"West Hartford, CT",146412
32,6,"Raphael Graves
","+1 505-644-1476
",Manager,"Los Angeles, CA",107391
33,7,"Jamie Tran
","+1 505-638-2201
",Manager,"West Hartford, CT",244019
34,8,"Clark Barr
","+1 505-646-3585
",Manager,"Brooklyn, NY",163114
35,9,"Clementine Mitchell
","+1 505-621-8605
",Manager,"West Hartford, CT",269453
36,10,"Meghan Powell
","+1 505-644-7607
",Manager,"South Windsor, CT",321654
37,11,"Denver Hebert
","+1 505-646-3720
",Manager,"Austin, TX",50224
38,12,"Levi Salazar
","+1 302-681-8137
",Manager,"Hartford, CT",348174
39,13,"Alden Cannon
","+1 472-247-8634
",Manager,"St Paul, MN",69167
40,14,"Julien Martin
","+1 505-646-1435
",Manager,"Los Angeles, CA",282665
41,15,"Alessandro Alfaro
","+1 505-373-6195
",Manager,"Queens, NY",95437
42,16,"Derrick Klein
","+1 505-644-2551
",Manager,"Newington, CT",184810
43,17,"Rowen Bates
","+1 472-263-2163
",Manager,"Norwalk, CT",133212
44,18,"Theodora Tanner
","+1 472-227-3714
",Manager,"Bronx, NY",70739
45,19,"Iris Moon
","+1 203-809-5999
",Manager,"West Hartford, CT",193799
46,20,"Gracelynn Gutierrez
","+1 505-632-6407
",Manager,"Hartford, CT",316172
47,21,"Maxwell Pollard
","+1 213-837-7104
",Manager,"Los Angeles, CA",349315
48,22,"Alexandra Steele
","+1 505-619-3539
",Manager,"St Paul, MN",46043
49,23,"Ashlynn Pearson
","+1 219-540-0188
",Manager,"Manhattan, NY",207129
50,24,"Aidan Greene
","+1 472-276-0268
",Manager,"West Hartford, CT",255327
51,25,"Bowen Day
","+1 505-644-0828
",Manager,"Queens, NY",98613
52,26,"Devon Mann
","+1 505-646-2460
",Manager,"Chicago, IL",201234
53,27,"Emmy Melendez
","+1 505-906-5137
",Manager,"South Windsor, CT",136961
54,28,"Remi Ayala
","+1 505-644-0673
",Manager,"Chicago, IL",293921
55,29,"Kenna Browning
","+1 214-454-6175
",Manager,"Newington, CT",168119
56,30,"Selena Parrish
","+1 319-321-9131
",Manager,"Los Angeles, CA",174400
57,31,"Sloane Bauer
","+1 505-646-8010
",Manager,"Norwalk, CT",103756
58,32,"Aliya Pham
","+1 505-698-8994
",Manager,"Bronx, NY",297043
59,33,"Khalil Sellers
","+1 505-646-6864
",Manager,"South Windsor, CT",154975
60,2,"Lance Farley
","+1 472-211-4578
",Employee,"South Windsor, CT",337370
61,2,"Emerson Guzman
","+1 472-211-4450
",Employee,"South Windsor, CT",120198
62,2,"Malaysia Oliver
","+1 505-644-9285
",Employee,"Bronx, NY",220761
63,2,"Adeline Keller
","+1 472-247-8634
",Employee,"Chicago, IL",234320
64,2,"Sawyer Spears
","+1 509-845-0327
",Employee,"Norwalk, CT",102742
65,2,"Evan Davidson
","+1 505-644-3840
",Employee,"Manhattan, NY",66687
66,2,"Evangeline Little
","+1 472-213-5753
",Employee,"St Paul, MN",65573
67,2,"Lia Nunez
","+1 505-614-8199
",Employee,"New Haven, CT",296620
68,2,"Charleigh Bautista
","+1 505-920-4041
",Employee,"Atlanta, GA",281503
69,2,"Anika Walsh
","+1 505-332-6108
",Employee,"Manhattan, NY",343641
70,2,"Landen Serrano
","+1 505-644-3095
",Employee,"Chicago, IL",315905
71,2,"Conrad Schmidt
","+1 472-291-7593
",Employee,"New Haven, CT",191672
72,2,"Mordechai Goodwin
","+1 412-768-9048
",Employee,"Atlanta, GA",222674
73,2,"Alfred Humphrey
","+1 472-287-7239
",Employee,"Bronx, NY",204852
74,2,"Kaitlyn Singleton
","+1 505-646-1157
",Employee,"Norwalk, CT",249239
75,2,"Ruby Huerta
","+1 401-963-6244
",Employee,"Bronx, NY",282020
76,2,"Wesley Rogers
","+1 505-940-9464
",Employee,"Austin, TX",211806
77,2,"Emmalyn Portillo
","+1 505-646-6490
",Employee,"Brooklyn, NY",153601
78,2,"Maliyah Maddox
","+1 472-266-3605
",Employee,"Brooklyn, NY",84115
79,2,"Matias Richard
","+1 505-669-8630
",Employee,"Los Angeles, CA",198560
80,2,"Garrett Campbell
","+1 505-646-3704
",Employee,"Hartford, CT",135559
81,2,"Wilder Beltran
","+1 209-336-6685
",Employee,"St Paul, MN",321268
82,2,"Estrella Tapia
","+1 472-291-7593
",Employee,"West Hartford, CT",297057
83,2,"Keaton Carpenter
","+1 472-277-0783
",Employee,"Bronx, NY",281270
84,2,"Brandon Howe
","+1 472-286-1525
",Employee,"Chicago, IL",211224
85,2,"Fisher Carlson
","+1 505-646-7681
",Employee,"New Haven, CT",206408
86,2,"Cal Chase
","+1 505-646-9202
",Employee,"Bronx, NY",309165
87,2,"Salem Frazier
","+1 505-644-9169
",Employee,"Austin, TX",108879
88,2,"Fabian Roy
","+1 732-774-7925
",Employee,"Hartford, CT",186260
89,2,"Clayton Bauer
","+1 347-784-4286
",Employee,"Brooklyn, NY",63386
90,3,"Harold Reilly
","+1 505-646-0814
",Employee,"Norwalk, CT",152395
91,3,"Araceli Roman
","+1 505-644-5492
",Employee,"Atlanta, GA",144269
92,3,"Nathanael Velasquez
","+1 505-614-0924
",Employee,"Austin, TX",116844
93,3,"Andi Weber
","+1 505-644-5000
",Employee,"Atlanta, GA",205653
94,3,"Rosa Ray
","+1 505-644-8874
",Employee,"Bronx, NY",216056
95,3,"Mordechai Goodwin
","+1 505-384-2812
",Employee,"Newington, CT",315580
96,3,"Philip Walters
","+1 505-644-6333
",Employee,"Norwalk, CT",284263
97,3,"Kaleb Higgins
","+1 505-217-3983
",Employee,"Brooklyn, NY",88493
98,3,"Ashlynn Pearson
","+1 505-628-4958
",Employee,"Atlanta, GA",171625
99,3,"Tori Cox
","+1 472-207-6842
",Employee,"Hartford, CT",85092
100,3,"Zachariah Benton
","+1 341-978-3597
",Employee,"Queens, NY",250640
101,3,"Cash Rodgers
","+1 472-294-9688
",Employee,"Austin, TX",266217
102,3,"Grayson Bishop
","+1 505-646-4599
",Employee,"Los Angeles, CA",270363
103,3,"Julia Wilkinson
","+1 505-665-3404
",Employee,"Newington, CT",152618
104,3,"Brandon Howe
","+1 202-973-4198
",Employee,"Bronx, NY",199435
105,3,"Cecilia Lloyd
","+1 505-646-7827
",Employee,"Austin, TX",164041
106,3,"Piper Dawson
","+1 402-944-5813
",Employee,"New Haven, CT",127223
107,3,"Judson Goodman
","+1 505-644-1774
",Employee,"New Haven, CT",183538
108,3,"Helena Curtis
","+1 415-363-9751
",Employee,"Newington, CT",200039
109,3,"Avery Pearson
","+1 505-644-6333
",Employee,"New Haven, CT",297425
110,3,"Derrick Klein
","+1 505-646-9241
",Employee,"Brooklyn, NY",166163
111,3,"Anthony Henry
","+1 205-837-4925
",Employee,"Los Angeles, CA",340791
112,3,"Shiloh Snow
","+1 505-505-5331
",Employee,"Norwalk, CT",225941
113,3,"Kayleigh Kaur
","+1 505-450-7200
",Employee,"St Paul, MN",226198
114,3,"Bronson Richards
","+1 505-907-8540
",Employee,"South Windsor, CT",298064
115,3,"Willow Tate
","+1 505-646-8619
",Employee,"Norwalk, CT",277353
116,3,"Emerson Hendrix
","+1 505-603-8708
",Employee,"Manhattan, NY",79468
117,3,"Tiffany Little
","+1 505-505-5331
",Employee,"New Haven, CT",205410
118,3,"Isabelle Love
","+1 505-793-3440
",Employee,"Hartford, CT",287755
119,3,"Andy Ahmed
","+1 505-734-4133
",Employee,"Brooklyn, NY",57036
120,4,"Davis Decker
","+1 505-657-6423
",Employee,"Newington, CT",216986
121,4,"Haley Kerr
","+1 505-602-2886
",Employee,"Norwalk, CT",117323
122,4,"Marisol Garner
","+1 505-646-9599
",Employee,"Hartford, CT",81811
123,4,"Camden Proctor
","+1 505-669-8866
",Employee,"Hartford, CT",239902
124,4,"Persephone McPherson
","+1 505-800-2101
",Employee,"Brooklyn, NY",84925
125,4,"Killian Fernandez
","+1 505-644-9350
",Employee,"Bronx, NY",65213
126,4,"Gabriel Powell
","+1 505-757-0229
",Employee,"Brooklyn, NY",52415
127,4,"Alexandra Steele
","+1 304-641-6511
",Employee,"Manhattan, NY",171014
128,4,"Faye Bass
","+1 505-628-4958
",Employee,"Chicago, IL",276113
129,4,"Cain Boyle
","+1 472-276-0268
",Employee,"Brooklyn, NY",172356
130,4,"Gabriel Powell
","+1 505-994-4989
",Employee,"Atlanta, GA",317697
131,4,"Iris Moon
","+1 240-883-6950
",Employee,"Hartford, CT",97576
132,4,"Zainab Patrick
","+1 308-425-3850
",Employee,"Hartford, CT",198117
133,4,"Kamryn Harmon
","+1 472-217-4161
",Employee,"West Hartford, CT",306054
134,4,"Leia Wallace
","+1 472-206-6343
",Employee,"Norwalk, CT",298505
135,4,"Leon Chung
","+1 505-646-6977
",Employee,"West Hartford, CT",319023
136,4,"Wrenley English
","+1 472-214-0466
",Employee,"Manhattan, NY",283143
137,4,"Eric O’Neal
","+1 312-272-9910
",Employee,"Austin, TX",312904
138,4,"Sean O’Connor
","+1 505-644-7503
",Employee,"Hartford, CT",325877
139,4,"Salem Macdonald
","+1 505-674-8996
",Employee,"Chicago, IL",347436
140,4,"Bowen Day
","+1 505-646-5405
",Employee,"Austin, TX",264368
141,4,"Kehlani Gibson
","+1 505-646-4268
",Employee,"West Hartford, CT",327121
142,4,"Rene Rosario
","+1 505-644-5872
",Employee,"West Hartford, CT",198235
143,4,"Adele McCormick
","+1 505-457-0421
",Employee,"Queens, NY",119347
144,4,"Davis Esquivel
","+1 505-646-4452
",Employee,"Manhattan, NY",176575
145,4,"Nevaeh Hancock
","+1 505-644-5907
",Employee,"Manhattan, NY",238488
146,4,"Sydney Mays
","+1 505-636-6012
",Employee,"New Haven, CT",140764
147,4,"Curtis Sharp
","+1 318-676-8220
",Employee,"South Windsor, CT",341203
148,4,"Blake Gaines
","+1 505-611-2383
",Employee,"New Haven, CT",233880
149,4,"Joanna Gomez
","+1 408-934-9453
",Employee,"Atlanta, GA",106565
150,5,"Anna Potts
","+1 505-644-1456
",Employee,"Atlanta, GA",93406
151,5,"Huxley Rollins
","+1 505-788-9003
",Employee,"Manhattan, NY",201795
152,5,"Alyssa Rivas
","+1 229-834-4968
",Employee,"Brooklyn, NY",53158
153,5,"Joanna Gomez
","+1 505-644-6740
",Employee,"Bronx, NY",42123
154,5,"Linda Phillips
","+1 505-644-3760
",Employee,"Hartford, CT",162682
155,5,"Alison Hull
","+1 234-666-5084
",Employee,"Los Angeles, CA",342912
156,5,"Zaid Villarreal
","+1 240-874-5522
",Employee,"Los Angeles, CA",145348
157,5,"Keira Benitez
","+1 505-854-5991
",Employee,"Los Angeles, CA",58891
158,5,"Kaysen Sierra
","+1 505-746-6940
",Employee,"Los Angeles, CA",101586
159,5,"Judith Massey
","+1 270-955-1495
",Employee,"Bronx, NY",321568
160,5,"Sonny Nielsen
","+1 203-726-8494
",Employee,"West Hartford, CT",308078
161,5,"Landyn Hale
","+1 321-933-0118
",Employee,"South Windsor, CT",144355
162,5,"Addison Gaines
","+1 472-262-9502
",Employee,"Los Angeles, CA",133850
163,5,"Alayna Fuentes
","+1 472-243-8941
",Employee,"Chicago, IL",126362
164,5,"Lennox Benson
","+1 505-646-8370
",Employee,"Chicago, IL",104813
165,5,"Matias Richard
","+1 505-696-7570
",Employee,"Queens, NY",170856
166,5,"Lilianna Lara
","+1 203-976-0747
",Employee,"Brooklyn, NY",150917
167,5,"Iker Bell
","+1 505-637-2577
",Employee,"Newington, CT",55956
168,5,"Isabel Conrad
","+1 412-768-9048
",Employee,"Atlanta, GA",62105
169,5,"Judith Massey
","+1 202-567-8505
",Employee,"Atlanta, GA",176931
170,5,"Emmy Holmes
","+1 216-505-6601
",Employee,"Bronx, NY",198380
171,5,"Melvin Huynh
","+1 505-646-7827
",Employee,"Bronx, NY",109097
172,5,"Trent Erickson
","+1 472-262-9502
",Employee,"Bronx, NY",59697
173,5,"Walker Ponce
","+1 505-644-8003
",Employee,"Austin, TX",299530
174,5,"Junior Stark
","+1 505-644-3200
",Employee,"Bronx, NY",151750
175,5,"Cadence Gilmore
","+1 430-476-0887
",Employee,"South Windsor, CT",186364
176,5,"Evan Moody
","+1 505-788-0216
",Employee,"St Paul, MN",88062
177,5,"Maverick Howe
","+1 430-558-3952
",Employee,"Brooklyn, NY",101936
178,5,"Jasmine Rowe
","+1 505-646-5958
",Employee,"Austin, TX",124727
179,5,"Alden Cannon
","+1 240-883-6950
",Employee,"Queens, NY",131633
180,6,"Derrick Klein
","+1 472-287-7239
",Employee,"St Paul, MN",72836
181,6,"Zainab Norton
","+1 472-252-2859
",Employee,"St Paul, MN",137199
182,6,"Emely Huff
","+1 472-213-5753
",Employee,"Atlanta, GA",244128
183,6,"Pearl Moyer
","+1 321-933-0118
",Employee,"Atlanta, GA",171163
184,6,"Harlan Gutierrez
","+1 505-646-2171
",Employee,"Los Angeles, CA",203764
185,6,"Eduardo Morrow
","+1 505-907-8540
",Employee,"South Windsor, CT",115528
186,6,"Alvin Harrison
","+1 472-211-2590
",Employee,"Queens, NY",50605
187,6,"Riley Rasmussen
","+1 505-644-7607
",Employee,"South Windsor, CT",245324
188,6,"Riggs Snow
","+1 319-321-9131
",Employee,"Los Angeles, CA",272870
189,6,"Devin Rich
","+1 505-554-4847
",Employee,"West Hartford, CT",330332
190,6,"Brayden Esquivel
","+1 472-201-8774
",Employee,"Atlanta, GA",100579
191,6,"Trinity Kemp
","+1 472-234-6784
",Employee,"Brooklyn, NY",280051
192,6,"Isabela Chang
","+1 505-759-6773
",Employee,"St Paul, MN",257945
193,6,"Kimberly Foley
","+1 505-513-7746
",Employee,"St Paul, MN",149236
194,6,"Derrick Holloway
","+1 472-201-6404
",Employee,"New Haven, CT",338158
195,6,"Manuel Ho
","+1 472-287-7239
",Employee,"New Haven, CT",152802
196,6,"Rhys Ho
","+1 206-837-8898
",Employee,"West Hartford, CT",265943
197,6,"Ruth Garcia
","+1 505-843-4269
",Employee,"St Paul, MN",239224
198,6,"Kamilah Quinn
","+1 472-213-5753
",Employee,"New Haven, CT",327919
199,6,"Sylvie Bush
","+1 424-460-9132
",Employee,"Norwalk, CT",291520
200,6,"Drew Owen
","+1 505-646-2986
",Employee,"Hartford, CT",298821
201,6,"Ryker Delgado
","+1 505-646-6535
",Employee,"Atlanta, GA",304621
202,6,"Addison Gaines
","+1 472-246-7771
",Employee,"Newington, CT",312498
203,6,"Jaxxon Cox
","+1 305-690-3471
",Employee,"Queens, NY",168993
204,6,"Nathaniel Tanner
","+1 505-646-1853
",Employee,"Hartford, CT",285470
205,6,"Mikayla Archer
","+1 505-719-4620
",Employee,"West Hartford, CT",244555
206,6,"Luis Wong
","+1 415-521-3492
",Employee,"South Windsor, CT",320458
207,6,"Gracie McKee
","+1 239-678-6978
",Employee,"Hartford, CT",108832
208,6,"Curtis Sharp
","+1 505-663-4807
",Employee,"South Windsor, CT",40778
209,6,"Ibrahim Sanchez
","+1 505-646-4429
",Employee,"South Windsor, CT",218904
210,7,"Vihaan Acevedo
","+1 505-457-0421
",Employee,"Bronx, NY",219189
211,7,"Sean Short
","+1 505-644-8890
",Employee,"Norwalk, CT",329972
212,7,"Gracelyn Huber
","+1 472-274-5170
",Employee,"New Haven, CT",48487
213,7,"Charlee Montes
","+1 309-826-6184
",Employee,"Austin, TX",255265
214,7,"Rene Rosario
","+1 472-282-2016
",Employee,"Brooklyn, NY",285556
215,7,"Karla Parker
","+1 505-646-2679
",Employee,"Brooklyn, NY",315716
216,7,"Ila Buchanan
","+1 505-875-3106
",Employee,"South Windsor, CT",146010
217,7,"Lilly Kirk
","+1 320-348-8676
",Employee,"Newington, CT",127030
218,7,"Madelynn Vu
","+1 505-646-1947
",Employee,"Chicago, IL",47653
219,7,"Bianca Sheppard
","+1 203-746-3983
",Employee,"Queens, NY",146738
220,7,"Russell Mercado
","+1 505-656-7858
",Employee,"Los Angeles, CA",222490
221,7,"Mateo Rodriguez
","+1 505-644-8874
",Employee,"Norwalk, CT",197089
222,7,"Sevyn Carter
","+1 505-646-3871
",Employee,"Newington, CT",251780
223,7,"Duncan Chung
","+1 505-644-0862
",Employee,"South Windsor, CT",102852
224,7,"Paisley Norris
","+1 472-205-5283
",Employee,"Brooklyn, NY",198154
225,7,"Charli Bowen
","+1 472-274-5170
",Employee,"Norwalk, CT",47010
226,7,"Juliette Powers
","+1 472-294-9688
",Employee,"West Hartford, CT",161426
227,7,"Angel Murray
","+1 472-217-4160
",Employee,"Bronx, NY",83298
228,7,"Crew Hernandez
","+1 505-646-7848
",Employee,"New Haven, CT",87972
229,7,"Aisha Gates
","+1 505-646-5405
",Employee,"South Windsor, CT",198592
230,7,"Nellie Michael
","+1 337-589-4193
",Employee,"West Hartford, CT",237323
231,7,"Robin Abbott
","+1 203-976-0747
",Employee,"Queens, NY",290503
232,7,"George Heath
","+1 228-972-2937
",Employee,"Queens, NY",140697
233,7,"Ivan Huynh
","+1 505-646-5132
",Employee,"St Paul, MN",223074
234,7,"Alonso Bowman
","+1 505-646-1853
",Employee,"Queens, NY",48146
235,7,"Leonard Mejia
","+1 505-644-4012
",Employee,"Austin, TX",58667
236,7,"Clayton Bauer
","+1 472-224-7064
",Employee,"Chicago, IL",316875
237,7,"Jaylen Clayton
","+1 472-213-5753
",Employee,"Hartford, CT",163938
238,7,"Fiona Fitzpatrick
","+1 339-877-2192
",Employee,"St Paul, MN",332369
239,7,"Natasha Stark
","+1 318-658-4456
",Employee,"Atlanta, GA",325461
240,8,"Porter Ware
","+1 219-661-9419
",Employee,"Atlanta, GA",44697
241,8,"Ari Shepherd
","+1 505-646-1923
",Employee,"Queens, NY",119346
242,8,"Harlan Gutierrez
","+1 505-646-3913
",Employee,"New Haven, CT",261986
243,8,"Bexley Frye
","+1 505-673-9457
",Employee,"Norwalk, CT",105992
244,8,"Manuel Ho
","+1 505-616-6043
",Employee,"Manhattan, NY",346170
245,8,"Julien Martin
","+1 505-906-5137
",Employee,"Newington, CT",116239
246,8,"Houston Pena
","+1 505-646-8410
",Employee,"Newington, CT",65806
247,8,"Jane Day
","+1 505-644-4350
",Employee,"St Paul, MN",340327
248,8,"Keily Knight
","+1 505-646-9862
",Employee,"Atlanta, GA",62118
249,8,"Nia Nixon
","+1 505-644-9770
",Employee,"Norwalk, CT",291159
250,8,"Bruno Crosby
","+1 505-646-3377
",Employee,"Chicago, IL",120153
251,8,"Jayce Gomez
","+1 212-665-4223
",Employee,"South Windsor, CT",293049
252,8,"Louie Le
","+1 505-611-2383
",Employee,"St Paul, MN",134734
253,8,"Mae Moore
","+1 505-644-7503
",Employee,"New Haven, CT",278297
254,8,"Will Crosby
","+1 219-889-5697
",Employee,"Queens, NY",316805
255,8,"Kayleigh Kaur
","+1 505-606-9349
",Employee,"Brooklyn, NY",284933
256,8,"Aaliyah Proctor
","+1 505-646-6235
",Employee,"West Hartford, CT",259872
257,8,"Bo McIntosh
","+1 505-661-4861
",Employee,"Chicago, IL",292749
258,8,"Carly Harrell
","+1 505-550-6489
",Employee,"Austin, TX",229775
259,8,"Atreus Bradley
","+1 505-644-9350
",Employee,"Newington, CT",60346
260,8,"Mallory Miller
","+1 472-294-9688
",Employee,"South Windsor, CT",328316
261,8,"Kash Espinosa
","+1 505-646-2679
",Employee,"Hartford, CT",156434
262,8,"Bria Osborne
","+1 505-644-1832
",Employee,"Chicago, IL",348027
263,8,"Russell Mercado
","+1 472-243-8444
",Employee,"Brooklyn, NY",150808
264,8,"Rodrigo Chavez
","+1 505-646-4006
",Employee,"Chicago, IL",189382
265,8,"Zaid Leon
","+1 518-741-7431
",Employee,"West Hartford, CT",103937
266,8,"Karson Warner
","+1 505-267-1564
",Employee,"Austin, TX",257631
267,8,"Harmony Lawson
","+1 505-644-0542
",Employee,"St Paul, MN",219102
268,8,"Selah Stout
","+1 505-695-1320
",Employee,"Manhattan, NY",340276
269,8,"Katherine Green
","+1 505-646-1923
",Employee,"West Hartford, CT",158394
270,9,"Myla Malone
","+1 472-280-7235
",Employee,"Manhattan, NY",313166
271,9,"Zaire Holloway
","+1 307-404-0522
",Employee,"Norwalk, CT",49787
272,9,"Anthony Henry
","+1 505-644-5941
",Employee,"Chicago, IL",278428
273,9,"Cora McDaniel
","+1 505-646-4686
",Employee,"Queens, NY",247849
274,9,"Kamryn Miranda
","+1 505-646-5111
",Employee,"South Windsor, CT",298635
275,9,"Kaiden Vu
","+1 216-505-6601
",Employee,"Manhattan, NY",339397
276,9,"Natalie Small
","+1 505-639-6707
",Employee,"Hartford, CT",200803
277,9,"Julius Mendoza
","+1 209-972-3984
",Employee,"Queens, NY",343593
278,9,"Bronson Richards
","+1 505-698-8994
",Employee,"Chicago, IL",129614
279,9,"Remi Ayala
","+1 505-634-4385
",Employee,"Newington, CT",78870
280,9,"Junior Stark
","+1 219-661-9419
",Employee,"Queens, NY",211564
281,9,"Mia Rasmussen
","+1 505-646-0770
",Employee,"Newington, CT",53731
282,9,"Dalary Charles
","+1 505-644-1832
",Employee,"Chicago, IL",57396
283,9,"Journi Rasmussen
","+1 472-283-5917
",Employee,"Bronx, NY",325825
284,9,"Conrad Schmidt
","+1 505-698-8994
",Employee,"Newington, CT",113888
285,9,"Marshall Enriquez
","+1 505-388-0354
",Employee,"Atlanta, GA",157383
286,9,"Jadiel Ball
","+1 505-620-2322
",Employee,"New Haven, CT",183822
287,9,"Leighton Monroe
","+1 505-646-2460
",Employee,"Los Angeles, CA",148027
288,9,"Emmie Merritt
","+1 505-646-5111
",Employee,"Queens, NY",68889
289,9,"Alaia Hogan
","+1 505-489-8740
",Employee,"West Hartford, CT",277716
290,9,"Ariel Grimes
",+1 472-248-3689,Employee,"Newington, CT",192837
291,9,"Callen Craig
","+1 505-646-2167
",Employee,"Austin, TX",74197
292,9,"Desmond Willis
","+1 508-235-8296
",Employee,"Newington, CT",325220
293,9,"Maverick Howe
","+1 231-294-1594
",Employee,"Chicago, IL",295256
294,9,"Gwen Lara
","+1 505-954-1079
",Employee,"Norwalk, CT",148867
295,9,"Scarlet Aguirre
","+1 606-613-5606
",Employee,"St Paul, MN",179899
296,9,"Conrad Schmidt
","+1 214-906-1976
",Employee,"Hartford, CT",308290
297,9,"Vanessa Evans
","+1 505-835-0002
",Employee,"Bronx, NY",330008
298,9,"Iris Moon
","+1 505-644-9937
",Employee,"West Hartford, CT",88445
299,9,"Jamie Wells
","+1 472-263-2771
",Employee,"Chicago, IL",197637
300,10,"Vance Figueroa
","+1 505-646-1359
",Employee,"Bronx, NY",169865
301,10,"Phoenix Maddox
","+1 208-804-6587
",Employee,"Los Angeles, CA",188448
302,10,"Mariana Atkinson
","+1 430-558-3952
",Employee,"South Windsor, CT",86906
303,10,"Aaron Brennan
","+1 202-567-8505
",Employee,"Brooklyn, NY",156423
304,10,"Ava McMahon
","+1 505-689-3190
",Employee,"Brooklyn, NY",197928
305,10,"Sloane Bauer
","+1 472-234-6784
",Employee,"West Hartford, CT",65633
306,10,"Lukas Sims
","+1 472-299-5882
",Employee,"Bronx, NY",108517
307,10,"Arianna Hurst
","+1 505-644-7388
",Employee,"Bronx, NY",175424
308,10,"Kamden Floyd
","+1 505-659-6230
",Employee,"Los Angeles, CA",246978
309,10,"Devon Mann
","+1 505-600-2991
",Employee,"South Windsor, CT",59603
310,10,"Noa Bass
","+1 505-619-3272
",Employee,"West Hartford, CT",137098
311,10,"Emory Harper
","+1 505-916-4099
",Employee,"Atlanta, GA",249879
312,10,"Alanna Reeves
","+1 430-979-2839
",Employee,"Bronx, NY",128304
313,10,"Daniella Dudley
","+1 472-208-2279
",Employee,"Chicago, IL",327673
314,10,"Sydney Mays
","+1 505-646-6728
",Employee,"Los Angeles, CA",271777
315,10,"Evan Meyers
","+1 239-678-6978
",Employee,"West Hartford, CT",329366
316,10,"Jeffrey Hickman
","+1 215-782-1583
",Employee,"Hartford, CT",248642
317,10,"Rex Everett
","+1 505-646-4338
",Employee,"Brooklyn, NY",103825
318,10,"Rodrigo Chavez
","+1 472-243-3504
",Employee,"Atlanta, GA",170458
319,10,"Raul Gallegos
","+1 213-796-4944
",Employee,"Austin, TX",96269
320,10,"Sydney Mays
","+1 505-644-9937
",Employee,"Newington, CT",286564
321,10,"Calliope Hunt
","+1 505-386-1460
",Employee,"Austin, TX",188092
322,10,"Trevor Gonzalez
","+1 505-373-6195
",Employee,"Austin, TX",137310
323,10,"Leighton Monroe
","+1 505-646-4784
",Employee,"Newington, CT",258592
324,10,"Tony Douglas
","+1 317-788-6135
",Employee,"South Windsor, CT",236197
325,10,"Zane Cuevas
","+1 505-646-0117
",Employee,"Manhattan, NY",228273
326,10,"Ainhoa Graves
","+1 505-644-9385
",Employee,"South Windsor, CT",90141
327,10,"Rivka Romero
","+1 209-336-6685
",Employee,"Atlanta, GA",326973
328,10,"Madelyn Graves
","+1 505-646-9387
",Employee,"St Paul, MN",246898
329,10,"Callum Crane
","+1 505-644-0542
",Employee,"Atlanta, GA",97684
330,11,"Samson Burgess
","+1 214-295-8155
",Employee,"Brooklyn, NY",236494
331,11,"Iris Moon
","+1 505-644-2547
",Employee,"Newington, CT",308921
332,11,"Paul O’brien
","+1 505-646-2460
",Employee,"New Haven, CT",319109
333,11,"Jackson Cortez
","+1 505-656-7858
",Employee,"Manhattan, NY",339601
334,11,"Gabriel Powell
","+1 505-659-6230
",Employee,"Norwalk, CT",212542
335,11,"Adonis Gallegos
","+1 472-290-8468
",Employee,"Brooklyn, NY",111164
336,11,"Alden Cannon
","+1 505-478-9996
",Employee,"Atlanta, GA",228714
337,11,"Virginia Beard
","+1 424-460-9132
",Employee,"Hartford, CT",305931
338,11,"Kehlani Gibson
","+1 505-644-3344
",Employee,"Newington, CT",52421
339,11,"Emmalyn Portillo
","+1 505-646-6679
",Employee,"Hartford, CT",167715
340,11,"Elaine Ramos
","+1 557-616-1609
",Employee,"Austin, TX",331268
341,11,"Chase Kline
","+1 472-222-6375
",Employee,"West Hartford, CT",259895
342,11,"Titan McDonald
","+1 505-646-3328
",Employee,"Queens, NY",226457
343,11,"Sevyn Carter
","+1 505-644-9350
",Employee,"Atlanta, GA",261120
344,11,"Aila Clayton
","+1 203-792-5143
",Employee,"Hartford, CT",157855
345,11,"Callan Dorsey
","+1 505-646-3988
",Employee,"Brooklyn, NY",318865
346,11,"Wesley Peralta
","+1 316-501-3711
",Employee,"West Hartford, CT",257816
347,11,"Orion Hill
","+1 472-209-7909
",Employee,"Chicago, IL",223209
348,11,"Fox Davidson
","+1 505-646-6983
",Employee,"Newington, CT",230132
349,11,"Adele McCormick
","+1 472-208-4074
",Employee,"Queens, NY",185222
350,11,"Karson Warner
","+1 216-770-9503
",Employee,"Manhattan, NY",227714
351,11,"Harmony Lawson
","+1 505-846-6252
",Employee,"South Windsor, CT",343161
352,11,"Robin Lopez
","+1 505-644-5527
",Employee,"Newington, CT",204767
353,11,"Joel Figueroa
","+1 505-646-0251
",Employee,"Brooklyn, NY",286574
354,11,"Khalid Meadows
","+1 505-628-4958
",Employee,"St Paul, MN",118527
355,11,"Houston Pena
","+1 505-644-1768
",Employee,"South Windsor, CT",300906
356,11,"Diana Hines
","+1 234-589-3850
",Employee,"Atlanta, GA",77394
357,11,"Atreus Bradley
","+1 505-579-2493
",Employee,"South Windsor, CT",345199
358,11,"Mabel Gutierrez
","+1 472-200-5580
",Employee,"South Windsor, CT",268391
359,11,"Justice Knight
","+1 203-976-0747
",Employee,"Queens, NY",75381
360,12,"Kenneth Skinner
","+1 505-646-3548
",Employee,"Hartford, CT",73838
361,12,"Avayah Montgomery
","+1 505-644-5000
",Employee,"Hartford, CT",157289
362,12,"Curtis Sharp
","+1 419-315-0582
",Employee,"South Windsor, CT",318414
363,12,"Elianna Ventura
","+1 505-512-4283
",Employee,"Los Angeles, CA",217964
364,12,"Lennox Munoz
","+1 505-644-5492
",Employee,"South Windsor, CT",113130
365,12,"Charlee Montes
","+1 505-644-7503
",Employee,"New Haven, CT",300490
366,12,"Alec Haynes
","+1 505-646-8848
",Employee,"New Haven, CT",286398
367,12,"Noemi Zhang
","+1 505-608-9145
",Employee,"Newington, CT",163733
368,12,"Evan Meyers
","+1 472-243-3504
",Employee,"Chicago, IL",332447
369,12,"Scarlette Russell
","+1 505-646-6235
",Employee,"St Paul, MN",292105
370,12,"Stephen Spears
","+1 505-617-6417
",Employee,"Chicago, IL",185357
371,12,"Lauren Bautista
","+1 505-657-9488
",Employee,"West Hartford, CT",250590
372,12,"Leroy Roberts
","+1 505-646-6033
",Employee,"Manhattan, NY",336710
373,12,"Amber Owens
","+1 472-276-0268
",Employee,"West Hartford, CT",263380
374,12,"Jon Simmons
","+1 505-646-0043
",Employee,"Queens, NY",45187
375,12,"Jaliyah Huffman
","+1 505-603-8708
",Employee,"West Hartford, CT",80150
376,12,"Solomon Gray
","+1 505-606-4903
",Employee,"West Hartford, CT",231709
377,12,"Emerson Guzman
","+1 505-646-6033
",Employee,"Newington, CT",334486
378,12,"Scarlette Russell
","+1 505-644-1345
",Employee,"Los Angeles, CA",168294
379,12,"Tony Douglas
","+1 505-821-2320
",Employee,"Newington, CT",297033
380,12,"Collins Richmond
","+1 505-682-8777
",Employee,"Brooklyn, NY",209852
381,12,"Russell Mercado
","+1 505-644-2400
",Employee,"St Paul, MN",157478
382,12,"Henry Flynn
","+1 505-613-2742
",Employee,"Austin, TX",289531
383,12,"Heaven Best
","+1 505-646-1042
",Employee,"Bronx, NY",303215
384,12,"Graham Ray
","+1 629-638-3106
",Employee,"Hartford, CT",99704
385,12,"Nico Rocha
","+1 472-230-9304
",Employee,"Atlanta, GA",57018
386,12,"Isaias Wilkins
","+1 505-646-6235
",Employee,"West Hartford, CT",159730
387,12,"Jad Alvarado
","+1 505-611-5008
",Employee,"West Hartford, CT",242570
388,12,"Truett Velazquez
","+1 505-646-0131
",Employee,"Hartford, CT",78096
389,12,"Devin Rich
","+1 505-646-2167
",Employee,"South Windsor, CT",345625
390,13,"Clayton Carrillo
","+1 505-644-1486
",Employee,"West Hartford, CT",45537
391,13,"Will Crosby
","+1 320-213-1344
",Employee,"Newington, CT",142942
392,13,"Saige Barber
","+1 505-621-6764
",Employee,"West Hartford, CT",158313
393,13,"Catherine Moss
","+1 472-252-9016
",Employee,"Atlanta, GA",260741
394,13,"Cairo Campbell
","+1 505-644-6581
",Employee,"Los Angeles, CA",115131
395,13,"Johanna Hardin
","+1 205-837-4925
",Employee,"Austin, TX",48108
396,13,"Khalil Sellers
","+1 214-220-4291
",Employee,"South Windsor, CT",172642
397,13,"Griffin O’Connell
","+1 307-550-6386
",Employee,"Norwalk, CT",273443
398,13,"Tyler Jimenez
","+1 505-644-1918
",Employee,"West Hartford, CT",219982
399,13,"Araceli Roman
","+1 505-569-2061
",Employee,"Atlanta, GA",310622
400,13,"Madalynn Wilson
","+1 472-238-2527
",Employee,"Los Angeles, CA",280311
401,13,"Omari Zuniga
","+1 505-646-8220
",Employee,"Queens, NY",50985
402,13,"Anna Potts
","+1 305-983-2131
",Employee,"Norwalk, CT",316200
403,13,"Andres Barker
","+1 505-232-7512
",Employee,"Hartford, CT",63386
404,13,"Rudy Hanna
","+1 307-550-6386
",Employee,"Chicago, IL",110804
405,13,"Trevor Gonzalez
","+1 203-984-4131
",Employee,"South Windsor, CT",50553
406,13,"Landen Dennis
","+1 505-505-5331
",Employee,"St Paul, MN",73447
407,13,"Kyleigh Stevens
","+1 219-990-9095
",Employee,"Brooklyn, NY",117848
408,13,"Vance Felix
","+1 505-644-1443
",Employee,"Brooklyn, NY",233878
409,13,"Harold Reilly
","+1 505-644-7999
",Employee,"Manhattan, NY",319704
410,13,"Curtis Sharp
","+1 606-613-5606
",Employee,"Atlanta, GA",65518
411,13,"Kaitlyn Lamb
","+1 505-644-6162
",Employee,"West Hartford, CT",63820
412,13,"Trent Erickson
","+1 505-644-7706
",Employee,"West Hartford, CT",210907
413,13,"Eloise Marshall
","+1 472-298-0805
",Employee,"Austin, TX",47584
414,13,"Kristian Cole
","+1 505-654-9633
",Employee,"St Paul, MN",275242
415,13,"Matthias Harmon
","+1 228-972-2937
",Employee,"Chicago, IL",264551
416,13,"Caiden Moreno
","+1 505-746-6940
",Employee,"Chicago, IL",77206
417,13,"Collins Padilla
","+1 505-646-3146
",Employee,"Chicago, IL",191910
418,13,"Emiliano Kemp
","+1 415-363-9751
",Employee,"Brooklyn, NY",293492
419,13,"Keegan Hayden
","+1 505-673-9457
",Employee,"South Windsor, CT",223232
420,14,"Marley Trejo
","+1 505-644-9769
",Employee,"New Haven, CT",58441
421,14,"Kaydence Melendez
","+1 505-617-8257
",Employee,"West Hartford, CT",271685
422,14,"Harlee Camacho
","+1 472-251-4847
",Employee,"Chicago, IL",173671
423,14,"Russell Mercado
","+1 505-906-8800
",Employee,"Newington, CT",206467
424,14,"Boston Mullins
","+1 505-665-8944
",Employee,"St Paul, MN",261847
425,14,"Ruth Perez
","+1 505-695-1320
",Employee,"Brooklyn, NY",211291
426,14,"Nathaniel Tanner
","+1 309-452-0576
",Employee,"Queens, NY",284889
427,14,"Ari Floyd
","+1 505-644-6347
",Employee,"St Paul, MN",142648
428,14,"Adonis Gallegos
","+1 505-646-4802
",Employee,"St Paul, MN",239870
429,14,"Gabriel Hunter
","+1 505-644-6333
",Employee,"Manhattan, NY",302762
430,14,"Wesley Rogers
","+1 505-373-6195
",Employee,"Newington, CT",47805
431,14,"Brayden Esquivel
","+1 317-431-9657
",Employee,"Queens, NY",106791
432,14,"Myra Meyers
","+1 520-863-1049
",Employee,"Manhattan, NY",333054
433,14,"Fox Davidson
","+1 219-661-9419
",Employee,"Queens, NY",81744
434,14,"Madalynn Wilson
","+1 472-235-5648
",Employee,"Austin, TX",227095
435,14,"Alonso Hines
","+1 505-646-7827
",Employee,"Norwalk, CT",178424
436,14,"Jaime Bryan
","+1 505-606-9349
",Employee,"Los Angeles, CA",67498
437,14,"Remi Ayala
","+1 505-644-0739
",Employee,"South Windsor, CT",256371
438,14,"Graysen Benson
","+1 505-644-2381
",Employee,"Chicago, IL",271444
439,14,"Rex Clayton
","+1 505-646-8092
",Employee,"New Haven, CT",184912
440,14,"Sevyn Vazquez
","+1 505-682-8777
",Employee,"Norwalk, CT",172961
441,14,"Vihaan Acevedo
","+1 505-472-2732
",Employee,"Hartford, CT",311588
442,14,"Jolie Hayden
","+1 234-589-3850
",Employee,"West Hartford, CT",254783
443,14,"Emmy Melendez
","+1 472-258-2534
",Employee,"Manhattan, NY",309189
444,14,"Salem Macdonald
","+1 505-646-9295
",Employee,"Chicago, IL",86051
445,14,"Rosalyn Andrews
","+1 505-644-2615
",Employee,"Newington, CT",86970
446,14,"Ivory Farley
","+1 505-727-4298
",Employee,"Brooklyn, NY",74415
447,14,"Gabriela Rocha
","+1 202-576-5018
",Employee,"Brooklyn, NY",260076
448,14,"Rosa Lambert
","+1 472-218-6104
",Employee,"Chicago, IL",108624
449,14,"Juniper Nguyen
","+1 505-696-5976
",Employee,"Norwalk, CT",231805
450,15,"Alayna Fuentes
","+1 317-373-8737
",Employee,"West Hartford, CT",291294
451,15,"Ares Daniels
","+1 505-655-1237
",Employee,"Newington, CT",182096
452,15,"Sean Jensen
","+1 307-393-8496
",Employee,"Los Angeles, CA",121488
453,15,"Kaitlyn Lamb
","+1 505-646-3328
",Employee,"West Hartford, CT",134154
454,15,"Charleigh Bautista
","+1 505-617-6417
",Employee,"Atlanta, GA",294515
455,15,"Atreus Stein
","+1 505-646-7827
",Employee,"Hartford, CT",184230
456,15,"Mae Velazquez
","+1 505-644-5911
",Employee,"Hartford, CT",334172
457,15,"Karson Ibarra
","+1 629-638-3106
",Employee,"West Hartford, CT",149967
458,15,"Lincoln Boyd
","+1 472-209-9509
",Employee,"Atlanta, GA",160144
459,15,"Ariya Lim
","+1 505-669-8866
",Employee,"Austin, TX",341882
460,15,"Keily Knight
","+1 307-401-8842
",Employee,"Manhattan, NY",188210
461,15,"Theodora Clark
","+1 505-644-3095
",Employee,"Los Angeles, CA",258933
462,15,"Aubrielle Strickland
","+1 505-554-4847
",Employee,"Manhattan, NY",79337
463,15,"Vienna Brooks
","+1 505-696-5976
",Employee,"Los Angeles, CA",235244
464,15,"Salem Buck
","+1 472-200-5580
",Employee,"South Windsor, CT",234728
465,15,"Deandre Fisher
","+1 505-644-2057
",Employee,"Hartford, CT",52122
466,15,"Blake Andersen
","+1 321-933-0118
",Employee,"Norwalk, CT",99478
467,15,"Alondra Huang
","+1 505-646-5451
",Employee,"Norwalk, CT",281795
468,15,"Carl Coleman
","+1 505-653-2074
",Employee,"Bronx, NY",147689
469,15,"Talon Hart
","+1 505-646-6679
",Employee,"Queens, NY",81545
470,15,"Myla Malone
","+1 505-644-0862
",Employee,"Chicago, IL",53109
471,15,"Colten Glenn
","+1 472-224-1904
",Employee,"Norwalk, CT",119762
472,15,"Paisley Norris
","+1 505-644-5000
",Employee,"Los Angeles, CA",179134
473,15,"Emani Krueger
","+1 505-650-7020
",Employee,"Hartford, CT",151914
474,15,"Isaac Spears
","+1 472-252-9016
",Employee,"Bronx, NY",337803
475,15,"Julius Mendoza
","+1 505-654-9633
",Employee,"South Windsor, CT",301618
476,15,"Ryann Bradley
","+1 503-589-4138
",Employee,"Bronx, NY",265089
477,15,"Mohammad Villa
","+1 505-646-1951
",Employee,"Chicago, IL",127036
478,15,"Kehlani Gibson
","+1 505-646-5111
",Employee,"Chicago, IL",217745
479,15,"Mateo Rodriguez
","+1 307-393-8496
",Employee,"Bronx, NY",300602
480,16,"Keenan Griffith
","+1 472-200-8779
",Employee,"Manhattan, NY",161374
481,16,"Anthony Henry
","+1 505-626-4067
",Employee,"Atlanta, GA",110489
482,16,"Corey Khan
","+1 472-222-6375
",Employee,"South Windsor, CT",106396
483,16,"Bowen Day
","+1 505-646-1923
",Employee,"Bronx, NY",343435
484,16,"Melody Winters
","+1 505-311-2064
",Employee,"South Windsor, CT",64316
485,16,"Joseph Jackson
","+1 505-698-6504
",Employee,"New Haven, CT",338594
486,16,"Dalary Charles
","+1 505-945-4647
",Employee,"Norwalk, CT",157592
487,16,"Karson Ibarra
","+1 472-271-4521
",Employee,"West Hartford, CT",125319
488,16,"Kelsey Moore
","+1 505-644-0527
",Employee,"Bronx, NY",233545
489,16,"Addyson Freeman
","+1 534-717-1174
",Employee,"Los Angeles, CA",309376
490,16,"Ariyah Dyer
","+1 505-788-9003
",Employee,"Bronx, NY",278759
491,16,"Isaias Wilkins
","+1 505-646-5887
",Employee,"Atlanta, GA",82948
492,16,"Jesse Ford
","+1 505-677-8388
",Employee,"Hartford, CT",156161
493,16,"James Mitchell
","+1 505-646-3893
",Employee,"Newington, CT",173072
494,16,"Clayton Webb
","+1 212-665-4223
",Employee,"Bronx, NY",64160
495,16,"Linda Phillips
","+1 215-782-1583
",Employee,"Manhattan, NY",183057
496,16,"Elodie Wood
","+1 505-646-7848
",Employee,"St Paul, MN",229063
497,16,"Rivka Romero
","+1 505-644-7547
",Employee,"Los Angeles, CA",217784
498,16,"Nelson McGee
","+1 505-646-4599
",Employee,"Brooklyn, NY",346403
499,16,"Karson Warner
","+1 505-620-2322
",Employee,"Brooklyn, NY",125026
500,16,"Jaxxon Cox
","+1 472-221-3878
",Employee,"Bronx, NY",171554
501,16,"Ryker Delgado
","+1 505-624-1243
",Employee,"Brooklyn, NY",180645
502,16,"Camryn Ayala
","+1 505-646-7051
",Employee,"Brooklyn, NY",313321
503,16,"Maliyah Maddox
","+1 505-611-2613
",Employee,"Atlanta, GA",175959
504,16,"Emory Harper
","+1 207-248-0389
",Employee,"Norwalk, CT",334519
505,16,"Lorelei Huynh
","+1 472-271-4521
",Employee,"Newington, CT",301063
506,16,"Journee Hampton
","+1 606-613-5606
",Employee,"St Paul, MN",121974
507,16,"Ruth Garcia
","+1 205-603-8714
",Employee,"St Paul, MN",171972
508,16,"Enzo Serrano
","+1 513-481-5065
",Employee,"Newington, CT",118466
509,16,"Elsa Gibbs
","+1 505-778-3163
",Employee,"St Paul, MN",94742
510,17,"Harlem Noble
","+1 412-768-9048
",Employee,"New Haven, CT",324603
511,17,"Noah Novak
","+1 308-425-3850
",Employee,"Brooklyn, NY",160159
512,17,"Legacy Norton
","+1 505-646-1359
",Employee,"Queens, NY",161035
513,17,"Lilith Dyer
","+1 505-646-1469
",Employee,"St Paul, MN",314402
514,17,"Adelaide Fields
","+1 472-230-3963
",Employee,"Atlanta, GA",325883
515,17,"Brandon Brennan
","+1 505-646-3392
",Employee,"Brooklyn, NY",186846
516,17,"Rory Meadows
","+1 202-576-5018
",Employee,"Bronx, NY",323185
517,17,"Shay Greene
","+1 219-889-5697
",Employee,"Chicago, IL",332982
518,17,"Evan Moody
","+1 505-661-4861
",Employee,"Norwalk, CT",92458
519,17,"Laura Escobar
","+1 505-695-2587
",Employee,"West Hartford, CT",289029
520,17,"Gabriela Rocha
","+1 314-771-4232
",Employee,"Newington, CT",164335
521,17,"Bexley Frye
","+1 518-741-7431
",Employee,"New Haven, CT",165319
522,17,"Mario Fox
","+1 505-620-0835
",Employee,"South Windsor, CT",199093
523,17,"Alexandra Steele
","+1 309-452-0576
",Employee,"St Paul, MN",255336
524,17,"Destiny Christian
","+1 505-646-6126
",Employee,"Newington, CT",325200
525,17,"Shelby Simon
","+1 347-784-4286
",Employee,"South Windsor, CT",106249
526,17,"Vance Felix
","+1 505-646-4452
",Employee,"Austin, TX",203781
527,17,"Collins Richmond
","+1 505-644-6399
",Employee,"Newington, CT",251811
528,17,"Kamden Floyd
","+1 713-636-5327
",Employee,"Los Angeles, CA",321783
529,17,"Carolina Perez
","+1 505-644-7920
",Employee,"Manhattan, NY",177394
530,17,"Ander Bautista
","+1 216-982-9844
",Employee,"Chicago, IL",122207
531,17,"Julien Martin
","+1 505-341-8965
",Employee,"Atlanta, GA",294808
532,17,"Will Crosby
","+1 505-665-3404
",Employee,"St Paul, MN",229369
533,17,"Jesse Ford
","+1 339-694-5129
",Employee,"Chicago, IL",100385
534,17,"Braylee Holloway
","+1 505-386-1460
",Employee,"Atlanta, GA",158266
535,17,"Karter Moody
","+1 505-657-6423
",Employee,"Hartford, CT",248813
536,17,"Deacon Holmes
","+1 505-646-1951
",Employee,"Manhattan, NY",267743
537,17,"Aislinn Tucker
","+1 505-644-0865
",Employee,"New Haven, CT",40150
538,17,"Mac Walter
","+1 402-277-4892
",Employee,"Atlanta, GA",152603
539,17,"Mabel Moore
","+1 472-209-9509
",Employee,"West Hartford, CT",97695
540,18,"Zola Gonzales
","+1 505-644-0588
",Employee,"Queens, NY",120616
541,18,"Charlee Montes
","+1 505-646-8410
",Employee,"Newington, CT",273588
542,18,"Mac Walter
","+1 505-644-6162
",Employee,"Atlanta, GA",58620
543,18,"Elodie Reyna
","+1 505-644-0532
",Employee,"St Paul, MN",214698
544,18,"Sage Ortiz
","+1 505-661-4861
",Employee,"Bronx, NY",265809
545,18,"Selah Stout
","+1 505-646-6977
",Employee,"Hartford, CT",191852
546,18,"Dylan Sutton
","+1 505-644-9865
",Employee,"Newington, CT",247556
547,18,"Bruno Crosby
","+1 218-730-3980
",Employee,"South Windsor, CT",300878
548,18,"Jane Rivas
","+1 505-688-8007
",Employee,"West Hartford, CT",271317
549,18,"Owen Knapp
","+1 213-796-4944
",Employee,"St Paul, MN",258750
550,18,"Brayden Esquivel
","+1 501-614-5425
",Employee,"South Windsor, CT",43352
551,18,"Vienna Brooks
","+1 505-926-3874
",Employee,"Norwalk, CT",302153
552,18,"Brooke Ross
","+1 337-589-4193
",Employee,"Austin, TX",188936
553,18,"Evie McClain
","+1 505-692-9188
",Employee,"Newington, CT",160262
554,18,"Makai Hanna
","+1 229-477-2698
",Employee,"Norwalk, CT",268948
555,18,"Noemi Zhang
","+1 201-371-4641
",Employee,"Newington, CT",190389
556,18,"Gage Becker
","+1 505-644-4012
",Employee,"Los Angeles, CA",219459
557,18,"Aila Clayton
","+1 505-506-2990
",Employee,"West Hartford, CT",76347
558,18,"Penny Mason
","+1 505-646-4462
",Employee,"Brooklyn, NY",327414
559,18,"Skylar Aguirre
","+1 472-216-5865
",Employee,"Brooklyn, NY",326246
560,18,"Rex Clayton
","+1 505-646-4429
",Employee,"Austin, TX",140225
561,18,"Treasure Sullivan
","+1 505-793-3440
",Employee,"Hartford, CT",99851
562,18,"Leilany Tanner
","+1 505-644-3247
",Employee,"Queens, NY",93342
563,18,"Alyssa Rivas
","+1 505-646-9320
",Employee,"Queens, NY",105641
564,18,"Jada Ford
","+1 505-670-0669
",Employee,"South Windsor, CT",208151
565,18,"Makayla Fields
","+1 203-809-5999
",Employee,"Norwalk, CT",192845
566,18,"Ari Dixon
","+1 505-646-1359
",Employee,"Bronx, NY",194870
567,18,"Addyson Freeman
","+1 505-685-6561
",Employee,"West Hartford, CT",174987
568,18,"Mila Chavez
","+1 505-646-2460
",Employee,"New Haven, CT",283481
569,18,"Emory McBride
","+1 505-674-8996
",Employee,"Los Angeles, CA",86364
570,19,"Corey Khan
","+1 505-644-7706
",Employee,"New Haven, CT",221414
571,19,"Clyde Li
","+1 505-644-1476
",Employee,"St Paul, MN",77921
572,19,"Hassan Morton
","+1 505-644-3247
",Employee,"Brooklyn, NY",256810
573,19,"Treasure Sullivan
","+1 518-741-7431
",Employee,"Brooklyn, NY",321940
574,19,"Alejandra Daniels
","+1 505-644-1933
",Employee,"Queens, NY",145485
575,19,"Paige Lawrence
","+1 505-646-3871
",Employee,"Atlanta, GA",220200
576,19,"Eduardo Morrow
","+1 505-646-8277
",Employee,"Queens, NY",162494
577,19,"Ariella Howe
","+1 505-698-8442
",Employee,"Brooklyn, NY",348379
578,19,"Nia Nixon
","+1 472-286-1402
",Employee,"South Windsor, CT",76538
579,19,"Saul Donaldson
","+1 505-646-9313
",Employee,"West Hartford, CT",239201
580,19,"Sasha Gill
","+1 505-951-8491
",Employee,"Bronx, NY",188036
581,19,"Rylan Ingram
","+1 505-646-5958
",Employee,"Austin, TX",318127
582,19,"Gabriel Powell
","+1 505-659-8103
",Employee,"Chicago, IL",220325
583,19,"Alison Hull
","+1 505-644-2746
",Employee,"West Hartford, CT",109264
584,19,"Cain Boyle
","+1 505-644-2130
",Employee,"South Windsor, CT",241927
585,19,"Camden Schroeder
","+1 505-646-4338
",Employee,"St Paul, MN",107880
586,19,"Zaria Kirby
","+1 472-221-5627
",Employee,"Manhattan, NY",59280
587,19,"Khalid Meadows
","+1 505-305-0188
",Employee,"South Windsor, CT",146346
588,19,"Willow Tate
","+1 472-236-0366
",Employee,"Chicago, IL",223824
589,19,"Eric Le
","+1 505-608-9145
",Employee,"Chicago, IL",183907
590,19,"Eliel Walls
","+1 505-646-3511
",Employee,"St Paul, MN",106614
591,19,"Eloise Marshall
","+1 505-646-6486
",Employee,"Atlanta, GA",248826
592,19,"Nicolas Conley
","+1 323-836-8837
",Employee,"New Haven, CT",342314
593,19,"Jeremy Dyer
","+1 472-251-7119
",Employee,"St Paul, MN",205920
594,19,"Riley Rasmussen
","+1 505-644-6162
",Employee,"Norwalk, CT",212688
595,19,"Jaxxon Cox
","+1 217-288-3909
",Employee,"South Windsor, CT",282758
596,19,"Ariya Lim
","+1 472-256-4788
",Employee,"New Haven, CT",167289
597,19,"Caden Hanson
","+1 219-540-0188
",Employee,"Austin, TX",313481
598,19,"Yaretzi Espinosa
","+1 217-450-9882
",Employee,"Brooklyn, NY",113010
599,19,"Maliyah Maddox
","+1 505-957-2765
",Employee,"Manhattan, NY",305420
600,20,"Rory Meadows
","+1 505-554-4847
",Employee,"Brooklyn, NY",136450
601,20,"Malaya Mata
","+1 505-644-2021
",Employee,"Hartford, CT",187758
602,20,"Meghan Jefferson
","+1 505-646-2106
",Employee,"Austin, TX",82234
603,20,"Keily Carpenter
","+1 505-778-3163
",Employee,"St Paul, MN",317602
604,20,"Natasha Stark
","+1 309-710-6512
",Employee,"Newington, CT",75978
605,20,"Douglas Wilkerson
","+1 505-601-9232
",Employee,"New Haven, CT",314355
606,20,"Rex Everett
","+1 724-837-5003
",Employee,"Brooklyn, NY",311799
607,20,"Zainab Patrick
","+1 505-781-9706
",Employee,"Brooklyn, NY",279802
608,20,"Rex Everett
","+1 425-417-4371
",Employee,"Chicago, IL",139413
609,20,"Aislinn Tucker
","+1 472-273-1468
",Employee,"West Hartford, CT",43075
610,20,"Alistair Alvarado
","+1 472-286-1884
",Employee,"St Paul, MN",68919
611,20,"Helena Carter
","+1 220-275-6456
",Employee,"Chicago, IL",64917
612,20,"Rohan Truong
","+1 505-292-4228
",Employee,"Atlanta, GA",108080
613,20,"Jordan Roberson
","+1 505-305-0188
",Employee,"Austin, TX",342372
614,20,"Neil Kline
","+1 472-239-2675
",Employee,"Chicago, IL",93101
615,20,"Maverick Howe
","+1 505-644-2057
",Employee,"Hartford, CT",120277
616,20,"Jazlyn Jaramillo
","+1 505-634-4533
",Employee,"Atlanta, GA",286814
617,20,"Clark Barr
","+1 201-496-9833
",Employee,"Atlanta, GA",202865
618,20,"Samir Hood
","+1 315-745-0235
",Employee,"Los Angeles, CA",278680
619,20,"Davina McCarthy
","+1 318-676-8220
",Employee,"Brooklyn, NY",310505
620,20,"Davina McCarthy
","+1 505-854-5991
",Employee,"Hartford, CT",85585
621,20,"Bishop Morales
","+1 316-589-8968
",Employee,"Bronx, NY",78652
622,20,"Oaklee Lamb
","+1 505-646-1947
",Employee,"Queens, NY",332083
623,20,"Louisa McIntosh
","+1 402-944-5813
",Employee,"Austin, TX",77832
624,20,"Jaylee Fuller
","+1 505-646-7242
",Employee,"Hartford, CT",173064
625,20,"Andres Barker
","+1 229-988-5424
",Employee,"Newington, CT",220761
626,20,"Jaxon Hayes
","+1 339-262-5153
",Employee,"Austin, TX",223820
627,20,"Alexander Bell
","+1 228-753-9012
",Employee,"Atlanta, GA",244607
628,20,"Camden Proctor
","+1 539-273-8372
",Employee,"New Haven, CT",165123
629,20,"Harmoni Hanson
","+1 472-262-9502
",Employee,"Los Angeles, CA",217740
630,21,"Keaton Carpenter
","+1 472-213-5753
",Employee,"New Haven, CT",154999
631,21,"Davis Decker
","+1 505-646-0507
",Employee,"Chicago, IL",84334
632,21,"Emerson Guzman
","+1 505-646-2972
",Employee,"Chicago, IL",76192
633,21,"Rylie Donovan
","+1 505-646-3548
",Employee,"Atlanta, GA",282428
634,21,"Camden Proctor
","+1 472-216-7771
",Employee,"Brooklyn, NY",149946
635,21,"Dayana Vargas
","+1 213-837-7104
",Employee,"South Windsor, CT",252117
636,21,"Blaze Rosario
","+1 505-646-4696
",Employee,"Los Angeles, CA",69226
637,21,"Westin Spears
","+1 505-644-0686
",Employee,"Atlanta, GA",241998
638,21,"Kristopher Anderson
","+1 505-601-7524
",Employee,"Queens, NY",119032
639,21,"Kian Walls
","+1 472-207-6842
",Employee,"West Hartford, CT",316169
640,21,"Emmie Merritt
","+1 505-768-2970
",Employee,"Newington, CT",145139
641,21,"Helena Carter
","+1 505-423-7267
",Employee,"Queens, NY",299570
642,21,"Kaitlyn Lamb
","+1 472-205-5283
",Employee,"St Paul, MN",177541
643,21,"Karson Ibarra
","+1 320-213-1344
",Employee,"Los Angeles, CA",229346
644,21,"Jayla Delacruz
","+1 406-330-9739
",Employee,"Austin, TX",50075
645,21,"Donald Arellano
","+1 505-644-1845
",Employee,"St Paul, MN",311843
646,21,"Jadiel Ball
","+1 505-644-3550
",Employee,"Norwalk, CT",295316
647,21,"Gemma Mason
","+1 313-452-2003
",Employee,"Norwalk, CT",151740
648,21,"Kaylie Cohen
","+1 240-874-5522
",Employee,"Austin, TX",166154
649,21,"Ila Powers
","+1 505-646-6715
",Employee,"West Hartford, CT",208217
650,21,"Stevie Waters
","+1 505-646-2137
",Employee,"Chicago, IL",53601
651,21,"Isabela Weber
","+1 317-881-1483
",Employee,"Atlanta, GA",265026
652,21,"Mercy Compton
","+1 505-373-6195
",Employee,"Atlanta, GA",266293
653,21,"Ari Floyd
","+1 203-976-0747
",Employee,"Newington, CT",41715
654,21,"Kenneth Skinner
","+1 229-477-2698
",Employee,"Atlanta, GA",164970
655,21,"Lyla Contreras
","+1 505-821-2320
",Employee,"New Haven, CT",111930
656,21,"Levi Graham
","+1 505-622-3648
",Employee,"Newington, CT",225227
657,21,"Jake Cohen
","+1 505-646-4268
",Employee,"Austin, TX",186328
658,21,"Arya Brennan
","+1 201-371-4641
",Employee,"New Haven, CT",88971
659,21,"Meghan Jefferson
","+1 505-644-4958
",Employee,"New Haven, CT",137427
660,22,"Sydney Mays
","+1 337-589-4193
",Employee,"Norwalk, CT",243968
661,22,"Denver Reilly
","+1 505-646-4452
",Employee,"Hartford, CT",283651
662,22,"Desmond Willis
","+1 472-282-2016
",Employee,"South Windsor, CT",202896
663,22,"Donald Hoover
","+1 505-646-4875
",Employee,"Newington, CT",180423
664,22,"Caleb Frost
","+1 505-646-9313
",Employee,"West Hartford, CT",285107
665,22,"Nevaeh Butler
","+1 472-230-9304
",Employee,"New Haven, CT",243527
666,22,"Summer Donovan
","+1 206-570-5169
",Employee,"West Hartford, CT",224721
667,22,"Denver Reilly
","+1 505-524-0878
",Employee,"Austin, TX",41231
668,22,"Lilith Barnett
","+1 505-245-3181
",Employee,"Norwalk, CT",297050
669,22,"Mary Andersen
","+1 505-622-3648
",Employee,"Queens, NY",328295
670,22,"Mila Chavez
","+1 505-644-2021
",Employee,"Brooklyn, NY",193245
671,22,"Melani Patrick
","+1 505-646-1157
",Employee,"Atlanta, GA",273844
672,22,"Harold Reilly
","+1 317-788-6135
",Employee,"Queens, NY",97151
673,22,"Dustin Todd
","+1 505-292-4228
",Employee,"West Hartford, CT",169082
674,22,"Kyleigh Stevens
","+1 505-644-1933
",Employee,"Norwalk, CT",125190
675,22,"Andre Estrada
","+1 505-646-8763
",Employee,"Atlanta, GA",200055
676,22,"Calum Wallace
","+1 505-644-2447
",Employee,"Austin, TX",217738
677,22,"Khalid Meadows
","+1 505-646-0779
",Employee,"Queens, NY",155770
678,22,"Kenia Boyle
","+1 302-681-8137
",Employee,"Los Angeles, CA",84406
679,22,"Talia Rodriguez
","+1 505-631-9361
",Employee,"Queens, NY",180770
680,22,"Haven Chandler
","+1 202-500-0827
",Employee,"Manhattan, NY",175609
681,22,"Ila Buchanan
","+1 505-606-0348
",Employee,"Queens, NY",336433
682,22,"Alessandro Alfaro
","+1 505-997-9953
",Employee,"South Windsor, CT",133398
683,22,"Samir Hood
","+1 505-644-6581
",Employee,"Austin, TX",260519
684,22,"Iker Bell
","+1 260-319-3240
",Employee,"Austin, TX",171463
685,22,"Rhys Ho
","+1 505-619-3539
",Employee,"Brooklyn, NY",251719
686,22,"Raul Gallegos
","+1 412-768-9048
",Employee,"Chicago, IL",346601
687,22,"Corey Khan
","+1 505-644-7388
",Employee,"Hartford, CT",124369
688,22,"Callen Todd
","+1 412-768-9048
",Employee,"Atlanta, GA",131554
689,22,"Aniyah Bradshaw
","+1 505-916-1009
",Employee,"Manhattan, NY",296288
690,23,"Truett Velazquez
","+1 505-646-7242
",Employee,"Atlanta, GA",106986
691,23,"Elian Duarte
","+1 505-644-3550
",Employee,"Norwalk, CT",172950
692,23,"Devin Rich
","+1 505-646-4802
",Employee,"Los Angeles, CA",57606
693,23,"Gwen Lara
","+1 505-581-1713
",Employee,"Chicago, IL",125814
694,23,"Brooklynn Gray
","+1 505-644-6740
",Employee,"Hartford, CT",99228
695,23,"Gianni Phan
","+1 505-644-5511
",Employee,"Los Angeles, CA",349721
696,23,"Nicholas Reid
","+1 505-535-5878
",Employee,"New Haven, CT",179843
697,23,"Kehlani Gibson
","+1 516-454-6744
",Employee,"Atlanta, GA",281993
698,23,"Alayna Fuentes
","+1 505-646-7242
",Employee,"Norwalk, CT",241955
699,23,"Drew Owen
","+1 505-957-2765
",Employee,"Brooklyn, NY",334229
700,23,"Kamryn Miranda
","+1 505-646-5526
",Employee,"Norwalk, CT",129328
701,23,"Abner Woodard
","+1 231-294-1594
",Employee,"South Windsor, CT",60250
702,23,"Weston Dennis
","+1 240-883-6950
",Employee,"Newington, CT",220686
703,23,"Owen Barr
","+1 505-619-7637
",Employee,"Chicago, IL",55906
704,23,"Abigail Ford
","+1 505-746-6940
",Employee,"Atlanta, GA",212625
705,23,"Mila Chavez
","+1 505-646-0251
",Employee,"Atlanta, GA",51994
706,23,"Kaitlyn Lamb
","+1 505-644-7388
",Employee,"New Haven, CT",65591
707,23,"Trinity Kemp
","+1 505-646-5968
",Employee,"Norwalk, CT",78445
708,23,"Dustin Todd
","+1 505-644-1832
",Employee,"Queens, NY",189967
709,23,"Kori McBride
","+1 472-287-1216
",Employee,"Newington, CT",128756
710,23,"Daniella Dudley
","+1 505-646-3377
",Employee,"Queens, NY",251843
711,23,"Marcus Olson
","+1 505-600-3641
",Employee,"Newington, CT",331353
712,23,"Elaine Ramos
","+1 505-646-2232
",Employee,"Los Angeles, CA",237043
713,23,"Skylar Aguirre
","+1 505-788-9003
",Employee,"South Windsor, CT",80253
714,23,"Ariya Lim
","+1 472-271-4521
",Employee,"Manhattan, NY",265994
715,23,"Alfred Humphrey
","+1 505-305-0188
",Employee,"Atlanta, GA",94460
716,23,"Ryann Bradley
","+1 505-644-1486
",Employee,"Manhattan, NY",258618
717,23,"Nyomi Roach
","+1 472-278-7229
",Employee,"Chicago, IL",247871
718,23,"Alessandro Alfaro
","+1 505-697-5713
",Employee,"Bronx, NY",129200
719,23,"Apollo Park
","+1 505-646-5176
",Employee,"Bronx, NY",224441
720,24,"Kelsey Moore
","+1 505-646-1435
",Employee,"West Hartford, CT",197736
721,24,"Jesus Anthony
","+1 332-758-2289
",Employee,"Atlanta, GA",298701
722,24,"Dulce Austin
","+1 472-294-9688
",Employee,"West Hartford, CT",317360
723,24,"Arianna Hurst
","+1 505-644-7706
",Employee,"Bronx, NY",335033
724,24,"Zaria Kirby
","+1 472-227-3714
",Employee,"Austin, TX",322212
725,24,"Ander Bautista
","+1 505-512-4283
",Employee,"Bronx, NY",140809
726,24,"Macy Prince
","+1 472-273-1468
",Employee,"New Haven, CT",239188
727,24,"Luis Joseph
","+1 520-863-1049
",Employee,"Brooklyn, NY",177727
728,24,"Kimora Shields
","+1 505-644-0686
",Employee,"Chicago, IL",264629
729,24,"Kensley Leblanc
","+1 505-646-7242
",Employee,"Hartford, CT",293957
730,24,"Harlee Camacho
","+1 505-448-8040
",Employee,"Brooklyn, NY",288339
731,24,"Cairo Campbell
","+1 505-644-8890
",Employee,"New Haven, CT",327909
732,24,"Gabriela Rocha
","+1 505-341-8965
",Employee,"Queens, NY",343740
733,24,"Darren Ahmed
","+1 505-644-1918
",Employee,"St Paul, MN",111550
734,24,"Sabrina Mays
","+1 505-644-1774
",Employee,"Brooklyn, NY",310537
735,24,"Evan Davidson
","+1 472-235-5648
",Employee,"Los Angeles, CA",115836
736,24,"Jasiah Montoya
","+1 472-289-9869
",Employee,"Austin, TX",268802
737,24,"Margaret Oliver
","+1 218-834-6885
",Employee,"West Hartford, CT",58906
738,24,"Aria Maddox
","+1 505-646-2106
",Employee,"St Paul, MN",237577
739,24,"Abigail Ford
","+1 505-644-7914
",Employee,"Chicago, IL",347148
740,24,"Tucker Hickman
","+1 505-644-1933
",Employee,"Hartford, CT",243969
741,24,"Luca Booker
","+1 472-221-5627
",Employee,"Atlanta, GA",274233
742,24,"Kamryn Knox
","+1 505-644-0939
",Employee,"St Paul, MN",43943
743,24,"Ephraim Salazar
","+1 505-373-6195
",Employee,"Queens, NY",177534
744,24,"Aislinn Tucker
","+1 505-646-1435
",Employee,"Queens, NY",210041
745,24,"Boston Mullins
","+1 505-644-7644
",Employee,"St Paul, MN",60820
746,24,"Jasmine Rowe
","+1 505-644-3446
",Employee,"Los Angeles, CA",69496
747,24,"Ray Lawrence
","+1 505-619-9858
",Employee,"Brooklyn, NY",48134
748,24,"Leon Chung
","+1 505-616-6043
",Employee,"Austin, TX",196823
749,24,"Kaitlyn Singleton
","+1 505-232-7512
",Employee,"Manhattan, NY",114278
750,25,"Zoya Fisher
","+1 505-646-7681
",Employee,"Newington, CT",91494
751,25,"Owen Knapp
","+1 201-783-3732
",Employee,"New Haven, CT",131879
752,25,"Gemma Mason
","+1 215-804-8573
",Employee,"Norwalk, CT",335112
753,25,"Stephen Spears
","+1 505-644-1918
",Employee,"New Haven, CT",130994
754,25,"Faye Bass
","+1 402-277-4892
",Employee,"Brooklyn, NY",73337
755,25,"Conrad Schmidt
","+1 505-616-1506
",Employee,"Brooklyn, NY",182839
756,25,"Treasure Sullivan
","+1 505-644-3383
",Employee,"St Paul, MN",64140
757,25,"Milan Chambers
","+1 505-644-6347
",Employee,"Atlanta, GA",97391
758,25,"Lincoln Boyd
","+1 732-774-7925
",Employee,"Atlanta, GA",247303
759,25,"Iris Moon
","+1 505-646-1853
",Employee,"West Hartford, CT",259718
760,25,"Gianni Phan
","+1 505-644-2184
",Employee,"Brooklyn, NY",147799
761,25,"Elle Trujillo
","+1 218-753-3269
",Employee,"Manhattan, NY",334093
762,25,"Hayden Chambers
","+1 505-632-4571
",Employee,"New Haven, CT",239814
763,25,"Clayton Carrillo
","+1 412-676-6473
",Employee,"Chicago, IL",93262
764,25,"Naya Carr
","+1 214-376-7819
",Employee,"Newington, CT",87528
765,25,"Hugh Whitney
","+1 229-367-6987
",Employee,"Bronx, NY",304868
766,25,"Kade Parsons
","+1 505-422-0579
",Employee,"St Paul, MN",344444
767,25,"Onyx Wiggins
","+1 505-673-0243
",Employee,"Manhattan, NY",309628
768,25,"Blaire Davidson
","+1 505-746-6940
",Employee,"St Paul, MN",56909
769,25,"Addyson Freeman
","+1 208-383-1850
",Employee,"Bronx, NY",295853
770,25,"Rey Grant
","+1 505-646-6622
",Employee,"Los Angeles, CA",54047
771,25,"Stephen Spears
","+1 505-606-4903
",Employee,"Newington, CT",282584
772,25,"Omar Copeland
","+1 505-632-6407
",Employee,"St Paul, MN",44281
773,25,"Oaklee Sellers
","+1 505-644-0754
",Employee,"Queens, NY",97246
774,25,"Jamie Wells
","+1 505-646-4006
",Employee,"Brooklyn, NY",250160
775,25,"Cora McDaniel
","+1 505-669-8866
",Employee,"Atlanta, GA",257445
776,25,"Tyler Castaneda
","+1 472-234-6784
",Employee,"Brooklyn, NY",232757
777,25,"Judith Massey
","+1 505-644-4346
",Employee,"Chicago, IL",299385
778,25,"Jon Simmons
","+1 505-705-0876
",Employee,"Newington, CT",153770
779,25,"Marley Trejo
","+1 505-623-7174
",Employee,"St Paul, MN",348737
780,26,"James Mitchell
","+1 512-557-2200
",Employee,"Chicago, IL",129214
781,26,"Laura Escobar
","+1 801-391-9488
",Employee,"St Paul, MN",270291
782,26,"Will Valdez
","+1 505-646-8410
",Employee,"St Paul, MN",245194
783,26,"Helena Carter
","+1 505-646-3548
",Employee,"Brooklyn, NY",129842
784,26,"Helena Carter
","+1 472-278-6179
",Employee,"Manhattan, NY",157281
785,26,"Shelby Rivas
","+1 318-658-4456
",Employee,"Los Angeles, CA",256425
786,26,"Arya Brennan
","+1 505-646-8410
",Employee,"Hartford, CT",289786
787,26,"Matthias Harmon
","+1 505-644-1399
",Employee,"West Hartford, CT",171453
788,26,"Briar Becker
","+1 505-646-6019
",Employee,"Queens, NY",106206
789,26,"Noel Castro
","+1 505-644-4800
",Employee,"Newington, CT",313182
790,26,"Kenia Fitzpatrick
","+1 505-612-4121
",Employee,"Manhattan, NY",232926
791,26,"Andy Velez
","+1 505-644-1933
",Employee,"St Paul, MN",281219
792,26,"Harlee Camacho
","+1 472-272-9016
",Employee,"Queens, NY",222085
793,26,"Ana Dixon
","+1 505-644-3306
",Employee,"West Hartford, CT",241624
794,26,"Jordan Roberson
","+1 472-200-8779
",Employee,"Queens, NY",117307
795,26,"Paloma Marsh
","+1 409-845-1006
",Employee,"New Haven, CT",91293
796,26,"Everett Atkinson
","+1 505-644-7391
",Employee,"Brooklyn, NY",212422
797,26,"Carter Tyler
","+1 505-644-7206
",Employee,"West Hartford, CT",92929
798,26,"Kaitlyn Singleton
","+1 505-383-4105
",Employee,"Austin, TX",94176
799,26,"Solomon Gray
","+1 505-644-2454
",Employee,"Bronx, NY",207466
800,26,"Eric O’Neal
","+1 505-619-3272
",Employee,"Los Angeles, CA",282951
801,26,"Malayah Cantu
","+1 505-644-3095
",Employee,"Atlanta, GA",219389
802,26,"Apollo Park
","+1 505-646-4696
",Employee,"Los Angeles, CA",94716
803,26,"Nathanael Velasquez
","+1 472-229-7148
",Employee,"Manhattan, NY",279010
804,26,"Marley Trejo
","+1 505-656-7858
",Employee,"Norwalk, CT",341714
805,26,"Gabriel Massey
","+1 505-697-7296
",Employee,"St Paul, MN",211248
806,26,"Ana Dixon
","+1 472-221-3878
",Employee,"Atlanta, GA",241900
807,26,"Desmond Willis
","+1 505-644-6162
",Employee,"Norwalk, CT",53890
808,26,"Karson Ibarra
","+1 210-940-3121
",Employee,"Atlanta, GA",161122
809,26,"Will Valdez
","+1 505-644-4785
",Employee,"Atlanta, GA",330503
810,27,"Paige Lawrence
","+1 472-271-4521
",Employee,"Los Angeles, CA",268482
811,27,"Araceli Roman
","+1 505-245-3181
",Employee,"Bronx, NY",42094
812,27,"Trent Erickson
","+1 505-644-5479
",Employee,"Norwalk, CT",107526
813,27,"Vance Felix
","+1 505-646-2628
",Employee,"Norwalk, CT",117935
814,27,"Sylvie Bush
","+1 505-644-5492
",Employee,"Brooklyn, NY",75905
815,27,"Theodora Clark
","+1 472-258-2534
",Employee,"New Haven, CT",126942
816,27,"Eric Le
","+1 472-287-7239
",Employee,"West Hartford, CT",341042
817,27,"Rivka Hampton
","+1 505-644-4958
",Employee,"Hartford, CT",252887
818,27,"Zaid Villarreal
","+1 239-279-9159
",Employee,"Hartford, CT",131388
819,27,"Ryder Moses
","+1 505-644-5511
",Employee,"St Paul, MN",339461
820,27,"Finnley Maddox
","+1 505-644-1345
",Employee,"Hartford, CT",156444
821,27,"Gracelyn Taylor
","+1 505-464-3559
",Employee,"Norwalk, CT",245771
822,27,"Sutton Sims
","+1 505-636-6012
",Employee,"Chicago, IL",293701
823,27,"Gemma Mason
","+1 472-294-9688
",Employee,"Bronx, NY",330019
824,27,"Kimberly Kennedy
","+1 505-644-0542
",Employee,"Queens, NY",103143
825,27,"Ian Montoya
","+1 505-629-9938
",Employee,"Newington, CT",214875
826,27,"Makai Hanna
","+1 469-868-7315
",Employee,"Hartford, CT",95721
827,27,"Graysen Benson
","+1 505-646-1157
",Employee,"West Hartford, CT",155560
828,27,"Cora Morales
","+1 410-815-6834
",Employee,"West Hartford, CT",261619
829,27,"Salem Buck
","+1 386-519-8346
",Employee,"Brooklyn, NY",260243
830,27,"Brayan Morrow
","+1 505-611-2383
",Employee,"St Paul, MN",149898
831,27,"Madelynn Vu
","+1 425-719-1492
",Employee,"Austin, TX",150494
832,27,"Mila Chavez
","+1 472-286-5532
",Employee,"Los Angeles, CA",266020
833,27,"Conrad Schmidt
","+1 260-319-3240
",Employee,"Newington, CT",43582
834,27,"Lyric Luna
","+1 219-596-8230
",Employee,"Bronx, NY",294511
835,27,"Enzo Serrano
","+1 505-698-8442
",Employee,"Queens, NY",254180
836,27,"Asa Phan
","+1 505-646-8848
",Employee,"Newington, CT",221894
837,27,"Derrick Holloway
","+1 309-452-0576
",Employee,"Hartford, CT",145071
838,27,"Ainhoa Graves
","+1 505-719-4620
",Employee,"Austin, TX",235195
839,27,"Augustus Lambert
","+1 505-695-1528
",Employee,"St Paul, MN",326387
840,28,"Pearl Moyer
","+1 472-211-4450
",Employee,"Queens, NY",124372
841,28,"Leia Campos
","+1 505-290-4241
",Employee,"South Windsor, CT",245106
842,28,"Anahi Shannon
","+1 505-644-5492
",Employee,"Norwalk, CT",168061
843,28,"Emmy Holmes
","+1 505-663-8824
",Employee,"Newington, CT",170124
844,28,"Ryker Delgado
","+1 505-644-1933
",Employee,"Queens, NY",83224
845,28,"Ophelia Esparza
","+1 505-448-8040
",Employee,"Austin, TX",109348
846,28,"Gemma Mason
","+1 505-646-6864
",Employee,"Bronx, NY",79995
847,28,"Zaria Kirby
","+1 214-368-5281
",Employee,"Queens, NY",273693
848,28,"Emory Vo
","+1 472-201-3857
",Employee,"Brooklyn, NY",295261
849,28,"Jada Ford
","+1 472-297-4020
",Employee,"Manhattan, NY",98028
850,28,"Henry Flynn
","+1 505-755-2182
",Employee,"Norwalk, CT",53967
851,28,"Maverick Schaefer
","+1 472-221-6043
",Employee,"West Hartford, CT",103933
852,28,"Ila Powers
","+1 234-589-3850
",Employee,"Hartford, CT",315571
853,28,"Salem Buck
","+1 472-278-6179
",Employee,"St Paul, MN",100328
854,28,"Gracelynn Gutierrez
","+1 505-835-0002
",Employee,"Chicago, IL",107542
855,28,"Maison Andrade
","+1 472-289-0857
",Employee,"New Haven, CT",181635
856,28,"Noemi Leon
","+1 425-719-1492
",Employee,"Norwalk, CT",125479
857,28,"Antonella Medina
","+1 505-916-1009
",Employee,"Chicago, IL",224580
858,28,"Shay Greene
","+1 505-669-3118
",Employee,"Atlanta, GA",140534
859,28,"Iris Moon
","+1 201-820-7388
",Employee,"Los Angeles, CA",80904
860,28,"Jasmine Rowe
","+1 505-644-1832
",Employee,"South Windsor, CT",246640
861,28,"Wrenley English
","+1 505-646-4452
",Employee,"Austin, TX",154113
862,28,"Andy Ahmed
","+1 430-476-0887
",Employee,"Brooklyn, NY",158672
863,28,"Kendall Gray
","+1 505-956-1970
",Employee,"Norwalk, CT",315193
864,28,"Salem Buck
","+1 505-644-5492
",Employee,"Brooklyn, NY",105870
865,28,"Luca Hawkins
","+1 309-452-0576
",Employee,"Bronx, NY",349834
866,28,"Etta Wade
","+1 472-263-2163
",Employee,"Manhattan, NY",70839
867,28,"Jones Robertson
","+1 505-644-4346
",Employee,"Queens, NY",203913
868,28,"Maren Arroyo
","+1 472-216-5865
",Employee,"St Paul, MN",339184
869,28,"Kenia Fitzpatrick
","+1 505-610-7514
",Employee,"Manhattan, NY",97305
870,29,"Jesse Ford
","+1 505-634-4533
",Employee,"Brooklyn, NY",338896
871,29,"Lincoln Person
","+1 505-689-8901
",Employee,"Austin, TX",182755
872,29,"Trevor Gonzalez
","+1 505-644-9770
",Employee,"Manhattan, NY",229051
873,29,"Clyde Li
","+1 505-646-3238
",Employee,"New Haven, CT",85544
874,29,"Russell Mercado
","+1 505-646-1042
",Employee,"Newington, CT",59211
875,29,"Alistair Lloyd
","+1 505-644-3200
",Employee,"West Hartford, CT",342970
876,29,"Paislee Perkins
","+1 505-646-7787
",Employee,"South Windsor, CT",52376
877,29,"Alden Cannon
","+1 472-284-3743
",Employee,"Queens, NY",144466
878,29,"Vienna Brooks
","+1 505-646-0903
",Employee,"Bronx, NY",230819
879,29,"Jared Brock
","+1 505-646-8027
",Employee,"Queens, NY",123753
880,29,"Addison Harding
","+1 472-236-0366
",Employee,"South Windsor, CT",168460
881,29,"Daniel Wallace
","+1 218-730-3980
",Employee,"Manhattan, NY",148346
882,29,"Luca Booker
","+1 505-262-8033
",Employee,"Atlanta, GA",224810
883,29,"Devin Andrade
","+1 320-717-3534
",Employee,"West Hartford, CT",100524
884,29,"Reign Rollins
","+1 505-906-8800
",Employee,"Brooklyn, NY",138510
885,29,"Titan Wolf
","+1 505-644-5492
",Employee,"Brooklyn, NY",271925
886,29,"Raul Gallegos
","+1 505-646-0111
",Employee,"South Windsor, CT",132300
887,29,"Devon Mann
","+1 505-646-6235
",Employee,"Queens, NY",142587
888,29,"Hunter Pratt
","+1 314-771-4232
",Employee,"Norwalk, CT",294392
889,29,"Leon Chung
","+1 505-644-2143
",Employee,"West Hartford, CT",106630
890,29,"Clayton Webster
","+1 505-644-5511
",Employee,"Los Angeles, CA",125562
891,29,"Luca Booker
","+1 505-974-4145
",Employee,"Brooklyn, NY",136867
892,29,"Raul Rodgers
","+1 518-741-7431
",Employee,"Los Angeles, CA",70669
893,29,"Hassan Morton
","+1 505-487-2214
",Employee,"St Paul, MN",55451
894,29,"Leighton Monroe
","+1 505-644-7607
",Employee,"Los Angeles, CA",162438
895,29,"Trinity Kemp
","+1 505-646-4686
",Employee,"South Windsor, CT",134942
896,29,"Ember Cobb
","+1 505-546-5204
",Employee,"Los Angeles, CA",303742
897,29,"Ayaan Ventura
","+1 505-639-5470
",Employee,"Norwalk, CT",307772
898,29,"Milan Chambers
","+1 505-644-3306
",Employee,"Manhattan, NY",96928
899,29,"Kaysen Ballard
","+1 505-646-7787
",Employee,"Chicago, IL",46185
900,30,"Araceli Roman
","+1 339-694-5129
",Employee,"West Hartford, CT",339888
901,30,"Leia Wallace
","+1 213-837-7104
",Employee,"Chicago, IL",162237
902,30,"Kyro Sullivan
","+1 505-513-7746
",Employee,"St Paul, MN",252537
903,30,"Makayla Fields
","+1 205-603-8714
",Employee,"Austin, TX",150688
904,30,"Jazmin Burgess
","+1 505-646-0779
",Employee,"Norwalk, CT",259394
905,30,"Cheyenne Coleman
","+1 317-223-8189
",Employee,"Los Angeles, CA",177165
906,30,"Bria Osborne
","+1 505-423-7267
",Employee,"South Windsor, CT",194360
907,30,"Brett Glenn
","+1 505-646-3236
",Employee,"Newington, CT",341282
908,30,"Jude Walter
","+1 505-705-0876
",Employee,"Norwalk, CT",288613
909,30,"Zora Lu
","+1 505-646-2167
",Employee,"Manhattan, NY",68715
910,30,"Ephraim Salazar
","+1 326-298-8161
",Employee,"Brooklyn, NY",242344
911,30,"Kabir Neal
","+1 505-644-5872
",Employee,"West Hartford, CT",328292
912,30,"Bria Osborne
","+1 505-821-2320
",Employee,"Hartford, CT",241808
913,30,"Brodie McKay
","+1 505-644-5492
",Employee,"Queens, NY",302750
914,30,"Melany Petersen
","+1 505-619-3272
",Employee,"South Windsor, CT",276300
915,30,"Aileen Franco
","+1 505-644-2615
",Employee,"Atlanta, GA",223821
916,30,"Levi Graham
","+1 505-532-2375
",Employee,"Manhattan, NY",45065
917,30,"Briar Becker
","+1 505-644-0580
",Employee,"Bronx, NY",184745
918,30,"Colby Hester
","+1 505-644-4036
",Employee,"Atlanta, GA",143924
919,30,"Kimberly Sims
","+1 212-665-4223
",Employee,"Manhattan, NY",160051
920,30,"Maryam Villegas
","+1 505-646-5111
",Employee,"St Paul, MN",239038
921,30,"Rosa Lambert
","+1 505-644-7607
",Employee,"Newington, CT",121984
922,30,"Rylie Donovan
","+1 472-221-5627
",Employee,"Norwalk, CT",58372
923,30,"Rosa Barker
","+1 505-644-3840
",Employee,"Norwalk, CT",185400
924,30,"Brooke Ross
","+1 505-599-5324
",Employee,"Brooklyn, NY",116112
925,30,"Samara Sanford
","+1 472-280-5035
",Employee,"Hartford, CT",105976
926,30,"Arianna Hurst
","+1 505-646-4875
",Employee,"Los Angeles, CA",134299
927,30,"Melani Patrick
","+1 505-644-0542
",Employee,"Chicago, IL",158253
928,30,"Kaydence Melendez
","+1 505-644-5511
",Employee,"Brooklyn, NY",64110
929,30,"Lyla Contreras
","+1 472-299-5882
",Employee,"Atlanta, GA",183031
930,31,"James Mitchell
","+1 217-619-0405
",Employee,"Brooklyn, NY",226958
931,31,"Arlo Harrison
","+1 505-646-7466
",Employee,"St Paul, MN",281084
932,31,"Alexa Tucker
","+1 505-646-4686
",Employee,"Queens, NY",48485
933,31,"Jasiah Montoya
","+1 505-644-3126
",Employee,"West Hartford, CT",276077
934,31,"Maggie David
","+1 505-644-0885
",Employee,"Atlanta, GA",69819
935,31,"Abner Woodard
","+1 472-282-2016
",Employee,"West Hartford, CT",70578
936,31,"Milan Chambers
","+1 505-940-9464
",Employee,"Norwalk, CT",263575
937,31,"Gianna Rubio
","+1 505-639-6233
",Employee,"Newington, CT",200124
938,31,"Reyna Kelley
","+1 505-217-5448
",Employee,"Newington, CT",111977
939,31,"Colter Robbins
","+1 472-247-8634
",Employee,"Atlanta, GA",222844
940,31,"Briana Gibson
","+1 472-284-6184
",Employee,"Atlanta, GA",106108
941,31,"Vance Felix
","+1 505-684-3098
",Employee,"West Hartford, CT",148450
942,31,"Brett Glenn
","+1 505-646-7787
",Employee,"Norwalk, CT",279733
943,31,"Karla Parker
","+1 505-646-6126
",Employee,"Chicago, IL",295712
944,31,"Kimora Shields
","+1 472-216-7712
",Employee,"New Haven, CT",113048
945,31,"Daleyza Wilkinson
","+1 472-222-6375
",Employee,"West Hartford, CT",211884
946,31,"Ayaan Ventura
","+1 472-271-7668
",Employee,"Brooklyn, NY",215107
947,31,"Jesus Anthony
","+1 216-770-9503
",Employee,"Queens, NY",113302
948,31,"Harley Sexton
","+1 505-644-9770
",Employee,"Atlanta, GA",156089
949,31,"Gwen Lara
","+1 505-916-1009
",Employee,"Brooklyn, NY",140065
950,31,"Gianni Phan
","+1 505-644-7794
",Employee,"Manhattan, NY",343092
951,31,"Skylar Aguirre
","+1 505-656-7858
",Employee,"New Haven, CT",344811
952,31,"Emmie Merritt
","+1 505-761-2795
",Employee,"Brooklyn, NY",43359
953,31,"Aila Clayton
","+1 505-621-8605
",Employee,"St Paul, MN",278822
954,31,"Mae Gonzalez
","+1 505-757-0229
",Employee,"Los Angeles, CA",324444
955,31,"Callahan Burns
","+1 472-221-3878
",Employee,"South Windsor, CT",251343
956,31,"Tori Cox
","+1 505-312-1501
",Employee,"Manhattan, NY",71312
957,31,"Ari Dixon
","+1 472-230-3963
",Employee,"Austin, TX",124743
958,31,"Egypt Vaughn
","+1 505-646-9213
",Employee,"Los Angeles, CA",103777
959,31,"Gemma Mason
","+1 628-488-8774
",Employee,"Atlanta, GA",45111
960,32,"Karsyn Dodson
","+1 251-502-4695
",Employee,"Atlanta, GA",138688
961,32,"Adalynn Williamson
","+1 505-656-7858
",Employee,"West Hartford, CT",56488
962,32,"Salem Frazier
","+1 472-217-4160
",Employee,"South Windsor, CT",117880
963,32,"Saige Barber
","+1 505-644-9285
",Employee,"Newington, CT",76599
964,32,"Lia Nunez
","+1 505-644-4012
",Employee,"Brooklyn, NY",113313
965,32,"Evie McClain
","+1 505-600-2991
",Employee,"Norwalk, CT",244555
966,32,"Memphis Garrison
","+1 505-644-7388
",Employee,"South Windsor, CT",77185
967,32,"Finnley Maddox
","+1 472-252-2859
",Employee,"West Hartford, CT",205605
968,32,"Ivory Farley
","+1 713-636-5327
",Employee,"New Haven, CT",182768
969,32,"Andre Estrada
","+1 505-422-0579
",Employee,"Newington, CT",273760
970,32,"Nellie Michael
","+1 472-239-6505
",Employee,"South Windsor, CT",149769
971,32,"Jaylen Clayton
","+1 505-994-4989
",Employee,"Brooklyn, NY",138951
972,32,"Olive Gardner
","+1 220-905-4732
",Employee,"Manhattan, NY",74522
973,32,"Aliya Pham
","+1 505-697-7296
",Employee,"Newington, CT",266146
974,32,"Owen Knapp
","+1 505-644-5162
",Employee,"Bronx, NY",180915
975,32,"Collins Padilla
","+1 505-646-3238
",Employee,"Bronx, NY",139297
976,32,"Clayton Carrillo
","+1 505-646-5405
",Employee,"Manhattan, NY",133378
977,32,"Lance Farley
","+1 208-804-6587
",Employee,"Austin, TX",300428
978,32,"Skylar Massey
","+1 505-646-1853
",Employee,"Newington, CT",325440
979,32,"Madelyn Navarro
","+1 472-202-8216
",Employee,"Atlanta, GA",346221
980,32,"Adele McCormick
","+1 505-646-4582
",Employee,"St Paul, MN",76991
981,32,"Kayla Berger
","+1 505-659-6230
",Employee,"Chicago, IL",107842
982,32,"Cesar Powell
","+1 472-272-9016
",Employee,"Newington, CT",243709
983,32,"Jayda Chandler
","+1 505-788-9003
",Employee,"Manhattan, NY",225798
984,32,"Kelsey Moore
","+1 505-657-1490
",Employee,"New Haven, CT",324075
985,32,"Lance Farley
","+1 505-667-6452
",Employee,"Queens, NY",172415
986,32,"Marisol Garner
","+1 505-646-8027
",Employee,"Queens, NY",52397
987,32,"Blaire Rollins
","+1 316-539-8346
",Employee,"Queens, NY",268865
988,32,"Emely Bass
","+1 505-305-0188
",Employee,"South Windsor, CT",200916
989,32,"Misael Lucero
","+1 425-417-4371
",Employee,"St Paul, MN",315330
990,33,"Davis Esquivel
","+1 505-644-1908
",Employee,"Atlanta, GA",178143
991,33,"Huxley Kane
","+1 505-935-5282
",Employee,"St Paul, MN",299745
992,33,"Persephone Cortez
","+1 219-990-9095
",Employee,"West Hartford, CT",44389
993,33,"Remi Ayala
","+1 505-644-4374
",Employee,"New Haven, CT",221468
994,33,"Avayah Montgomery
","+1 323-413-0090
",Employee,"South Windsor, CT",291744
995,33,"Ian Montoya
","+1 229-367-6987
",Employee,"Newington, CT",64960
996,33,"Jad Alvarado
","+1 505-245-3181
",Employee,"Newington, CT",74803
997,33,"Adelina McCarthy
","+1 505-651-2957
",Employee,"Hartford, CT",158410
998,33,"Elliana Cisneros
","+1 505-644-4958
",Employee,"Hartford, CT",336746
999,33,"Clayton Carrillo
","+1 505-644-6347
",Employee,"Bronx, NY",333575
1000,33,"Walker Ponce
","+1 505-646-5132
",Employee,"Bronx, NY",228381
